"A história é até interessante, já a escrita, nem tanto. Não consegui me envolver com os personagens, e a dupla de investigadores, nem se fala... Vou deixar pra ler Hannibal num futuro.","Personagens:
Dr. Hannibal Lecter","Por desconhecimento inverti a ordem e li primeiro "" o silêncio dos inocentes"", assim o segundo a ser lido foi dragão vermelho, mas não houve maiores problemas nisso.

O fato é que não achei que leria outra obra de Thomas Harris  tão boa quanto ""silêncio dos inocentes"". Ledo engano, estou em dúvida sobre qual dos dois livros devo considerar melhor, ambos são incríveis.

Posso dizer que a desenvoltura do livro 2 é superior, porém o final do livro 1 é bem mais surpreendente.

Enfim, li 50 livros em 2018 e garanto que os acima citados, foram os melhores.","É um livro muito bom, mas carece de ação e achei que o autor deveria explicitar mais as poucas cenas de violência do livro. Parece até que evitou escrever do assunto...enfim, faltou algo para empolgar e me fazer devorar o livro.","Bom, vi os filmes, vi a série e só me faltavam os livros. Comecei por onde dizem que é para começar, que é pelo Dragão.
Ele é um bom vilão, é bem construído, seu passado agrega muito no nosso entendimento do porquê.
Mas não consegui. Tanto o do filme quanto o da série me deixaram com tédio. Não consigo me interessar por ele de fato. Eu sou mais o Hannibal.
Talvez a edição tenha me atrapalhado um pouco. Onde é que estão essas editoras que não republicam esses livros? 
De qualquer forma, achei mediano. Não me empolgou muito, mas não foi decepcionante.
Era bom lembrar da série/filme lendo falas conhecidas. Era bom lembrar de Anthony Hopkins, de Mads Mikkelsen.

Acho que o Will da série é muito mais intenso. O Will Graham e sua família são totalmente sem sal.

Enfim, que venha ""O Silêncio dos Inocentes"".","A história busca trazer a trajetória de Will Graham com investigando policial. Will está vivendo um período de paz e tranquilidade com sua família, porém essa realidade muda com a chegada do seu amigo Jack em sua casa. Will é conhecido pelo excelente trabalho como investigador, solucionar e perder Hannibal. 
Assim, Will é envolvido em, um novo caso policial de assassinatos em série no EUA. Nessa nova investigação, Will está penso com o passado e como Hannibal, recorrendo ao mesmo na busca de enfrentar os acontecimentos que marcaram sua vida.  Ao longo da história, Will irar se aproximar de Francis Dolarhyde (dragão vermelho), assassino responsável pela série de assassinato de famílias, além de destacar os fatos que marcou a vida de dragão vermelho.
O livro é surpreendente e revelando, buscando sempre conectar os fatos com os personagens, com uma linguagem direta e envolvente. 
","Quando trabalhava como agente do FBI, Will Graham conseguiu reunir provas suficientes para condenar o canibal Hannibal Lecter. Depois do episódio, decidiu mudar-se para a Flórida com sua família, mas seus dias de tranquilidade são interrompidos quando um antigo chefe lhe pede para investigar uma série de assassinatos misteriosos. Graham começa a seguir as pistas do cruel criminoso conhecido como Fada do Dente. Logo percebe que para capturá-lo será preciso compreender sua mente doentia. Para isso, entretanto, Graham terá de enfrentar seus fantasmas e pedir ajuda ao Dr. Lecter, o que pode ter consequências desastrosas.","Esse livro ultrapassou minhas expectativas, adorei as nuances do livro, a forma como o autor entrega os personagens principais para nós... Amei..","","Antes de tudo, tenho que dizer que nunca assisti o filme. Também não assisti e nem li O silêncio dos inocentes ou hannibal.

Sobre o livro, tenho que confessar que quase desisti da leitura no começo por ter pouca ação. Ainda bem que não fiz isso. Se já começaram a ler, terminem. O livro é ótimo.

Nos primeiros capítulos, Will Grahan tenta reconstruir a noite do crime para entender como pensa e como agiu o assassino, Francis Dolarhyde. Isso pode parecer um pouco cansativo no começo, mas é muito importante para o desenrolar da história. 

Quando Francis Dolarhyde, o Dragão vermelho, entra em cena, o livro fica bem mais interessante. Francis não é um sociopata qualquer, ele é um assassino em série que assassina famílias inteiras e tem algumas características interessantes e bem loucas que vocês vão descobrir.

Não posso falar mais sem contar a história. Recomendo a leitura. A única coisa que posso dizer é que o livro não é bem avaliado à toa.","Que livro foda. As rápidas descrições das cenas de ação e das investigações do laboratório nos fazem sentir em uma verdadeira caça ao assassino.
A crueldade de certas mortes me deixaram chocado, porem não esperava menos. Ansioso para ler os próximos.","Vi a série Hannibal da NBC e me tornei fã dela. Resolvi então ler este livro, o que me proporcionou uma experiência um pouco frustante. Começando pelo gênero de alguns personagens que são trocados, como por exemplo o Dr. Allan Bloom e o jornalista Freddie Lounds, onde são mulheres no seriado. Pra mim foi difícil, já que havia fixado a imagem dos personagens. Will Graham, no seriado carrega mais avidez do que neste livro.

A proposta do enredo é boa, porém trás demasiados personagens que tornam a leitura bastante densa.

Nas páginas finais, parece que a história foi acelerada e o vilão que se mostrou a maior parte do tempo sagaz, se torna um pouco instável e burro.

É uma história de qualidade mediana, não me arrependo de ter lido, porém, esperava mais.","Inverti a ordem natural lendo primeiro O Silêncio dos Inocentes, o que acabou me dando uma vontade enorme de ler O Dragão Vermelho, porém nada me deixaria preparada para tamanha decepção. Não há nada de extraordinário com o protagonista Will, apesar das tentativas constantes do autor de provar o contrário, ele apenas segue pistas óbvias para chegar à conclusões óbvias, o serial killer tem uma queda de qualidade inaceitável ao longo do livro e o enredo vai dando uma preguiça inacreditável. Acabei abandonando bem perto do fim, quando as coisas começam a acontecer de maneira tão rápida que apenas faz crescer a vontade de não dar outra chance.","","","","Tinha muita vontade de ler os outros livros do Thomas Harris com o Hannibal depois que eu fiquei sabendo deles, o único que tinha lido era O Silêncio dos Inocentes, e esse ano consegui pega-los, mas da época que li O Silêncio dos Inocente para cá, já assisti todos os filmes e a série de TV Hannibal, e acho que acabei influenciada, oque acabou atrapalhando um pouco minha experiência.

A loucura entrara naquela casa pela porta da cozinha, calçando sapatos tamanho quarenta e três. Sentado na escuridão, Graham farejava a loucura como um cão-policial fareja uma camisa.

Logo no começo nós conhecemos Will Grahan, um especialista forense do FBI, que só tinha participado de duas operações, mas mesmo assim nos leva a crer que Will é uma pessoa com um dom especial, em seu ultimo trabalho ele conseguiu capturar Hannibal Lecter, O Canibal, mas depois disso se aposentou até que Crawford, um agente do FBI, vai até ele para ajudar na captura de um novo e sanguinário assassino, conhecido como Dentuço (ou melhor, Dragão Vermelho).
Também conhecemos a vida do Dragão Vermelho, um homem com uma infância de abandono e abusos, com uma cicatriz no rosto que o torna alvo de todo tipo de comentário maldoso, e conhecendo sua história sabemos oque ele procura atingir com seu ritual.

 Tudo leva a crer que sim  disse Bowman.  E se déssemos um aperto em Lecter? Num hospital de alienados tenho a impressão de que as drogas...
 Já se tentou o amital de sódio, há três anos, para tentar descobrir onde ele enterrara um estudante de Princeton  disse Graham.  Deu-lhes a receita para um molho. Além disso, se o apertarmos, perdemos a ligação. 

E assim seguimos as investigações de Will, indo aos locais dos crimes, conversando com testemunhas e tentando descobrir mais sobre o perfil das vítimas e atrair o assassino de alguma maneira, e em paralelo conhecemos a vida do assassino, tanto seu passado, quanto o que ele está fazendo hoje e sua fixação pelo quadro de Willian Blake, O Grande Dragão Vermelho e A Mulher Vestida de Sol.

Gostei bastante da história em si, acho a linguagem um pouco lenta, também tinha achado isso do Silêncio dos Inocentes, mas isso não é problema para mim, acho que todas as descrições e pensamentos bem pertinentes, mas isso trava um pouco a leitura para mim, mas diferente de outros autores, acho que tudo ali é necessário para melhor entendimento da trama.

Mas para começar a compreender o Dragão, para ouvir o frio gotejar na sua escuridão, para observar o mundo através da sua visão avermelhada, Graham teria que ver coisas que nunca poderia ver e deveria ter que voar através dos tempos...

O problema é que como já havia assistido muita coisa na tv, eu esperava mais Haniba (Hannibal), e um Will mais perturbado, e não foi bem isso que eu tive, falei que queria mais Hannibal? É eu queria mais Hannibal XD. Já o Dragão foi para mim o ponto alto, adorei conhecer sua história, temos aqui vários temas clássicos descritos em livros que falam de Serial Killers, por exemplo, não controlar o xixi até tarde, vemos sua vida hoje e todas as transformações que acontecem, e como isso vai afeta-lo de uma forma irrevogável.

Ali estava. O Grande Dragão Vermelho e a Mulher Vestida de Sol  o dragão macho pousado sobre a mulher implorante, que se encontrava prostrada, dominada por uma volta da sua cauda.
Era certo que era pequeno, mas transmitia um sentimento de poder. Espantoso. As melhores reproduções não faziam justiça aos detalhes e às cores.""

É um livro muito bom, mas tem que ter um pouco de paciência, por causa da linguagem mais detalhista, e não pode querer aquele Will intenso da série de Tv.","Foi um pouco frustrante. Vi muitas resenhas positivas, como sempre foi por causa disso. E o burburinho em torno do filme O Silêncio dos Inocentes também é muito grande e todos falam bem. Descobri então que se tratava de uma trilogia (e também tem um quarto livro, que saiu depois) e lá foi eu, começar do início.
A primeira decepção foi a edição que li. Li no Kindle, não tem a informação da editora. Mas os erros de tradução e revisão são horríveis (É essa da capa do Skoob). Certas frases simplesmente não fazem sentidos e alguma são tão grotescas que parecem se tratar de Google tradutor mesmo. Mas, ok, a gente releva. Só que, para mim, já muda muito a experiência, eu fico irritada lendo coisas erradas.
Partindo para a história, e agora com >SPOILER<

Will Graham é apresentado logo nas primeiras páginas como um detetive especial, com um talento e percepção acima de qualquer um dos milhares de detetives do FBI. Tá, mas qual talento? Porque, sinceramente, pra mim ele só fez figuração e, ainda por cima, cometeu o maior erro em pedir ajuda a Hannibal. Nas últimas páginas é que ele descobre como o psicopata agia, e já estava na hora de descobrir por que o livro estava acabando. E a meu ver o modo como agiu podia ter sido feito por qualquer um dos agentes que ali se encontravam, como o Crawford, por exemplo. Ele apenas seguiu as pistas de rotina e cumpriu o protocolo. Nenhum ponto para Graham, sinto muito.

O psicopata Hannibal Lecter, aclamadíssimo e comentadíssimo também é figurante nesse. Mas que bom que não foi o próprio que cometeu o erro, e sim os agentes. Eu tenho para mim que ele foi incluído ali para dar uma dica do que teríamos no próximo livro, uma introdução do personagem. E ele sim colocou medo. O agente ""brilhante"" Will Graham foi pedir a ajuda dele (só apareceu duas ou três vezes no consultório) e tudo que conseguiu foi que ele liberasse o seu endereço para OUTRO psicopata! Brilhante... Tive a impressão que ele apareceu para fazer as coisas desandarem e o autor tentou fazer um policial trabalhar junto com um assassino mas não funcionou da forma esperada. Hannibal na verdade não ajudou nem atrapalhou, só fez o que é da natureza dele e porque obteve uma ajuda que nem se tivesse pedido teria sido tão fácil.

Os personagens são ""sem rosto"". São muitos. E de nenhum eu consigo me lembrar o nome. Sei que eram de vários departamentos e que ajudaram em várias partes da solução do caso mas são poucos desenvolvidos.

O psicopata em questão: ele é bom. Mas no final começa a ""bagunçar"" tudo. Ele que era tão metódico e não deixava para trás sequer um fio de cabelo nas últimas páginas (corridas, por sinal), começa a deixar corpos, impressões digitais e PASMEM, até objetos pessoais. No decorrer da história ele não dá qualquer sinal de esquizofrenia, demonstrava até ser muito equilibrado e quando vai terminando ele se mostra totalmente desiquilibrado e assim, até eu conseguiria seguir a pistas e pegar quem fosse.

Agora os pontos fortes. Sim, tem.

O plot twist é bem instigante. Confesso que ele chegou num momento que eu já estava querendo dar duas estrelas porque pensei que não poderia acabar daquela forma e ja nem esperava mais nada de tão decepcionada, então teve lá seu ""charme"", veio no momento certo.

Molly é uma sobrevivente de Lecter e achei interessantíssimo mostrar como a é vida de alguém que sobrevive a um psicopata canibal. Poderia ter entrado mais no lado psicológico dela e como se sentia, como vivia, como dormia, etc. 

E se juntar tudo o livro é bem pensado, só não funcionou direito. Estou com esperanças de que seja só um rascunho de toda a trilogia mas, definitivamente, com um pé atrás para começar O Silêncio dos Inocentes.","","Demorou bastante pra me conquistar. Os melhores capítulos são os que falam sobre Francis Dolarhyde e não são muitos. Talvez seja essa tradução que não esteja boa... percebi vários erros de revisão e algumas frases simplesmente não faziam sentido. Pela primeira vez achei o filme melhor que o livro. Já li Hannibal e O silêncio dos inocentes há muito tempo em outras edições e lembro de ter gostado bastante. Comprei o box dessa editora e espero que as traduções dos outros volumes estejam melhores.","Já havia lido o excelente O Silêncio dos Inocentes do autor e as expectativas eram grandes.E não me decepcionei.O autor conhece o assunto,sabe como engendrar uma boa trama.
Os personagens são bem estruturados e Thomas Harris fez que ao invés de odiar o serial killer eu simpatizasse mais com ele do que com os policiais que o estão caçando.
Suspense policial de primeira!!
Livro excelente!","Eu li este livro há muitos anos atrás. 
Sou fã do Hannibal, vi todos os filmes, a série, li todos os livros e foi justamente por causa da série intitulada Hannibal que eu reli este livro. Foi necessário porque muitos detalhes eu já havia perdido na memória. 
Na minha opinião os filmes do Dr. Lecter foram muito bem adaptados para o cinema: como eles têm uma grande riqueza de detalhes ver a cena num filme esclarece, amplia, fica mais fácil do que ler no livro. Isso não tira o poder da leitura de forma nenhuma. Sou fã incondicional da leitura até porque a leitura é uma mundo do leitor, é um mundo próprio.
Gostei da releitura.
Gostei da série de tv, achei que foi muito bem construída, vale muito a pena assistir. Vale mesmo... mas vale a pena para quem conhece e gosta do Hannibal, dessa trama psicópatica dele, desse submundo esquisito do Hannibal, próprio dele. 
Eu acredito que quem não conhece o Hannibal não vá gostar da série. Ademais, a fotografia da série é espetacular. Fora de série mesmo. 
Enfim... sou suspeita. Só elogios. Sou fã. 
Ahhhh aqui na resenha era para falar do livro né???
Então... o Dragão Vermelho é, na realidade, um livro que vem antes da trama descrita no filme e no livro intitulado ""Silêncio dos Inocentes"" (que é o mais famoso).
O Dr. Lecter e o agente do FBI já tem uma relação (que inclusive é explorada na série de TV intitulada Hannibal) mas que em nenhum outro livro é contada essa relação, existem apenas alguns relatos soltos.
Neste livro o Dr. Lecter está preso e o agente do FBI Will Graham pede sua ajuda para capturar um assassino intitulado ""Red Dragon"" (Dragão vermelho) que é uma espécie de psicopata e como disso o Dr. entende, então, ele pode ajudar o FBI a capturar a figura... o resto só lendo senão eu conto o livro! 
Vale a leitura porque tem toda a psique do Dr. Lecter, do assassino Dragão Vermelho e do próprio agente Will no livro, tem todo um enredo psicólogico de porquê as coisas acontecem da forma como acontecem. 
O terror psicólogico, o medo e o suspense, a imprevisão do Hannibal, a relação que ele tem com o agente Will, os jogos de palavras são muito bem feitos, são saborosos de serem lidos. 
Vale a leitura. ","Só depois que conheci a série que fui me interessar mais pelo adorável canibal Hannibal Lecter. Então, comprei o box com três dos quatro livros e revi os quatro filmes. Durante a leitura desse, por várias vezes revi partes da série, para fazer relação (recomendo).
Este primeiro livro é um romance policial diferente, no qual logo descobrimos quem é o assassino, ficando em suspense saber como, quando, ou mesmo, se ele será pego. E também há Hannibal, que deveria ser apenas um personagem coadjuvante, mas rouba  a cena de tal modo que acaba ""ganhando"" outros livros.
Hannibal é um personagem tão complexo, tão psicologicamente instigante que o autor diz não se sentir confortável e sua ""presença"".
Na história, uma série de assassinatos leva Will Grahan a superar seus traumas e voltar a trabalhar para o FBI. Ele está à caça de Francis Dolaryde, um psicopata, que sofre de distúrbios mentais que o levam a cometer crimes e protagonizar cenas que assombram o leitor. Durante a leitura, percebemos que ele é atormentado pelos traumas de sua infância, abandonado pela mãe devida a seu lábio leporino e palato fendido e por ser fruto de um casamento infeliz, ele é criado pela severa avó materna, a quem assiste definhar com a idade.
Harris usa, em certo ponto, o recurso de descrever o que uma testemunha alheia conclui ao observar o comportamento de um dos personagens centrais ao invés de focalizar na descrição do próprio personagem.","Antes de mais nada, devo dizer que  sou grande fã da obra de Thomas Harris há muito. Gosto deveras de 75% dos filmes, e após assistir duas temporadas esplêndidas do seriado ""Hannibal"" decidi reler toda a série, com uma visão mais crítica. Afinal meu deslumbramento inicial foi tão grande que me manteve fã até hoje.
      Tive dois motivos iniciais de estranheza. O primeiro foi descobrir que o clima maravilhosamente sombrio e tenso que na minha mente marca essa obra deve-se mais às exibições em tela que ao livro propriamente dito. Sem problemas. O segundo foi encontrar uma descrição da sociedade cosmopolita do primeiro mandato Reagan, ainda que no círculo policial. Levemente racista, levemente sexista. Entendendo-se o contexto histórico, porém, nada demais.

      Cabe dizer que esse livro não é sobre Hannibal Lecter. Ele é essencialmente sobre a relação de um homem profundamente perturbado com seu alter ego, o duplo encontrado na obra de um dos artistas mais brilhantes e sombrios da História, William Blake. E foi um dos precursores de toda a metodologia ""CSI"" de investigação, que para nós hoje já é tão ""carne de vaca"" mas que na época revelava recursos secretos e inovadores do FBI.

       O fator que sempre me encantou, no entanto, permanece. É a sintonia sutil da análise psicológica e comportamental, mais devida à breve interferência do dr. Lecter que aos esforços Sherlockianos de Graham e Crawford...mas ainda presente.

      A mensagem desse livro é : não existe O Mal. O ser humano é seu próprio veneno, juiz e executor.

SP,","","De toda a trilogia este primeiro livro é o único que não despertou adrenalina em mim. O Dr. Lecter é um mero figurante na história, que demora para se desenvolver e de fato acontecer. As tramas paralelas de Freddy Lounds e Fada do Dente são muito mais interessantes. O livro não chega aos pés do sensacional ""O Silêncio dos Inocentes"" e do magistral - e melhor livro da série - ""Hannibal"", nos quais temos um autor Thomas Harris mais maduro e firme em suas histórias. ","Esse Thomas Harris é bom!!"," por conta de um quadro de Willian Blake e que tal assassino acredita que esse dragão mora dentro dele e que o domina, levando-o a fazer o que ele faz é Francis Dolarhyde, o serial killer da obra.
O livro mergulha na mente de Dolarhyde mostrando seu presente e passado, com suas psicoses e delírios. Conforme ele vai atacando suas vítimas, Grahan vai seguindo com as investigações a respeito de seus métodos, onde se faz necessário que ele entre em contato com o seu principal caso, àquele responsável por sua aposentadoria precoce: ele mesmo, o Dr. Lecter. Ele é o único que pode ajudá-lo a entender a mente de um serial killer, pois, segundo o próprio Lecter, Grahan tinha uma mente parecida com a sua.
Dolarhyde é visto como um cidadão americano, que se aproveita de seu cargo num laboratório fotográfico para escolher suas vítimas através dos vídeos caseiros que passam pelo laboratório para serem revelados. Tais vítimas foram famílias completas com 3 filhos, um animal de estimação e que ambas possuiam mães atraentes.
Outro ponto interessante da história é a relação que acontece entre Dolarhyde e sua adorável colega de trabalho, Reba, que era cega. Essa relação vem nos mostrar que, apesar de tudo, os brutos também se apaixonam. E, por ela, Dolarhyde tenta não obedecer ao dragão que insiste que ele a mate. Mesmo lutando contra as ameaças do dragão, e tentando fugir com ela, acaba cometendo uma loucura. O desfecho é surpreendente e inesperado. Muito bom mesmo! Recomendado aos fãs do gênero...","Nem acredito que demorei tanto para ter/ler esse livro. 
A edição que tenho é bem ruim, a capa não tem orelha e o material é de segunda, as páginas são brancas com letras pequenas, possui erros de digitação e falhas na impressão, mas o conteúdo consegue superar todos os contras. 
Hannibal Lecter não está em evidência nesse livro, quase não aparece, mas seus diálogos e cartas são cheios de classe e sarcasmo  como conheci nos filmes. O livro é sempre melhor porque nos mostra mais profundamente o que os personagens sentem, mas agora que terminei de ler posso dizer que o filme não deixou a desejar. Excelente leitura. ","Eu já conhecia a história (da quadrilogia) pelas versões cinematográficas. Dá pra perceber que a adaptação do cinema foi bastante fiel, levando em conta as devidas adaptações de tempo, tecnologias, e o ritmo do cinema que tem que ser mais intenso pelo tempo de duração do filme.
Mesmo assim o livro chama a atenção para as características dos personagens. Por permear a temática psicológica/psiquiátrica os personagens são muito realísticos, seus problemas, sofrimentos, desejos e frustações. As descrições do espaço são muito boas. O autor utiliza muitos informantes de ambientes. Tudo isso ajuda, com certeza na leitura. Os diálogos, na maioria das vezes, mimetizam a oralidade.
Senti falta do Hannibal. Ele aparece muito pouco, apesar disso suas aparições são a parte densa da leitura. A presença do Dr. Lecter deixa o ambiente pesado. Dessa forma Will Grahan fica em destaque durante a narrativa e, mesmo não sendo um mestre em deduções como Sherlock, a mente dele está sempre à frente dos melhores do bureau americano.
","","Pra quem assistiu o filme ou acompanha ao seriado, devo dizer que o livro é uma peça fundamental para a total compreensão dos personagens. O filme é mais diferente do que eu imaginava e, pra variar, bem incompleto. O livro conta a história de Freddy Lounds, que tinha mulher, a avó do Dragão Vermelho não era assim TÃO má, os olhos do Hannibal são castanhos, a cena em que a Reba é deixada na casa pegando fogo é bem diferente e não vou nem comentar do final. Enfim, o livro é uma peça essencial para os fãs de Hannibal. Devo deixar claro que a aparição dele no livro é bem rara.","","Apesar de ser o primeiro romance em que o famoso canibal Dr. Hannibal Lecter aparece, o papel deste na trama é secundário: ao todo, aparece em pouquíssimas cenas, todas dentro de sua cela especial em Baltimore, onde trava diálogos maravilhosos com o policial que o prendeu, Will Graham. A pequena aparição, entretanto, foi tão impressionante que acabou por render a Harris três sequências onde Hannibal teria papel crucial: O Silêncio dos Inocentes (1988), Hannibal (1999) e Hannibal, A Origem do mal (2006). Quando Anthony Hopkins o eternizou nos cinemas, o psiquiatra entraria para o rol dos personagens mais bizarros da história. Extremamente inteligente, complexo, com um olfato acima do normal, é capaz de memorizar o mais singular dos aromas de qualquer individuo e reconhece-lo, anos depois. Foi assim quando reencontrou o agente Will Graham que descreve Lecter dessa forma: Dizem que é um sociopata porque não encontraram mais nenhum termo que pudessem aplicar a ele. 

Aparentemente atacando quando é lua cheia, um serial-killer chamado pela mídia de Dentuço(no original é Tooth Fairy, Fada dos Dentes), mata duas famílias inteiras, inclusive as crianças, atormentando o FBI, que é incapaz de obter qualquer pista sobre sua identidade além da arcada dentária proveniente de uma mordida em uma das vítimas. O agente especial Jack Crawford então, decide trazer Will de volta à ativa. Após quase morrer prendendo Lecter, Will nunca mais foi o mesmo. Sofrendo de depressão e constantes pesadelos, chegara a passar um tempo em um hospital psiquiátrico. Quando finalmente parecia estar voltando ao normal, levando uma vida pacata com sua esposa, Crawford decide trazê-lo de volta. Para piorar, Will chega a conclusão de que precisa reencontrar o Dr. Hannibal Lecter, acreditando que este pode ajudar a encontrar o serial-killer. É nesse encontro que ocorre um dos mais incríveis diálogos do livro, onde Hannibal diz:  Sabe por que me apanhou, Will? Apanhou-me porque você e eu somos semelhantes.

A forma como Harris narra a história, intercalando entre as ações de Will e do assassino, mostrando a história deste último, como e porque ele se tornou o que é, proporciona uma reflexão interessante sobre a violência e a psicologia. Nascemos monstros ou as circunstâncias da vida nos transformam neles? Podemos não perceber, mas na vida real, no dia a dia, inúmeros Tooth Fairy estão em seus processos de construção e cedo ou tarde, explodirão em nossas faces. A trama prende você aos jogos psicológicos de Lecter com Will, o trauma deste por ter visto coisas bizarras demais em sua profissão, além de ter matado um outro serial-killer, antes de Lecter, fato que também o deixa atormentado; o drama do assassino em relação à sua aparência(nascera com defeitos graves no rosto e por isso sempre quebrava os espelhos das casas de sua vítimas) e sua obsessão com a pintura de William Blake, The Great RED DRAGON and the Woman Clothed with the Sun, enfim, tudo isso é narrado de forma rápida e concisa, o que torna o livro ágil e fácil de ler. O final é provavelmente um dos mais surpreendentes que já li, por isso recomendo a leitura do livro antes de assistir o filme. Aliás, parte do final é modificada na versão cinematográfica mas nada que faça muita diferença.   Aos que esperam a presença constante de Lecter, não se decepcionem: ele ainda deixa sua marca no final. Imaginando ou não, nos idos anos de 80, Thomas Harris estava nos introduzindo, de forma breve porém marcante, o lendário Hannibal Lecter!
","A narrativa do livro é incrivelmente rica, pelo simples fato de que a historia é contada a partir de vários pontos de vistas, mostrando de cada personagem. Por exemplo, tem certas cenas que você consegue ler, e entender o ponto de vista do serial killer, e a historia do mesmo, e tem outra que é do policial, e por ai vai. Além disto, cada personagem tem sua própria personalidade, descrita perfeitamente bem, ou seja, você não se confunde em qual personagem é qual, e nem olha para um e pensa nossa esse é muito igual ao personagem tal.

Para ver mais sobre a resenha é só clicar aqui http://psychoblondies.com/category/thomas-harris-2/","Terminei de ler  esse 1° livro da quadrilogia Hannibal,  eu achei meio fraco comparado a série... Apesar que nesse 1° momento não foi focado no Hannibal e sim no Will Graham, é bem legal a investigação mas espero mais dos próximos... Pois a série está sensacional ! ","   O livro é bastante interessante e vem para dar uma quebrada naquele velho paradigma de que todo assassino e louco, pois o livro apresenta um assassino antropofágico que não é louco, é só alguém que faz as coisas que gosta, em compensação o outro assassino D. é completamente desvairado apesar de se mostrar inteligente, bem preparado e um tanto espirituoso.
  O personagem principal,  Will Graham se mostra um grande detetive que tenta se recuperar de um trauma sofrido antes da prisão de Hannibal Lecter, se mostrando brilhante em algumas passagens do livro, que se passa na busca pelo impiedoso assassino D.
  Uma historia cativante,cheia de ação,suspense e até algum romance que valem sua leitura.
","A resenha encontra-se no blog cultural abaixo:
http://10culturando.blogspot.com.br/2014/03/resenha-dragao-vermelho.html","","Sinopse:
Durante o período de reclusão de Lecter, Will Graham consulta-o para que este desenvolva o perfil psicológico de um assassino, alcunhado pelo jornal sensacionalista National Tattler como ""A Fada dos Dentes"". Esse assassino, cujo nome real descobririam ser Francis Dolarhyde, chamava a si próprio ""Dragão Vermelho"", baseando-se na ilustração ""O Grande Dragão Vermelho e a Mulher Vestida de Sol"" de William Blake, visionário e pintor inglês.
Dolarhyde matava famílias inteiras das formas mais sórdidas e, com a participação de Lecter na investigação, estes acabam por entrar em contacto (através de carta). É então que o ex-psiquiatra instiga ""Dragão Vermelho"" a perseguir o Agente Especial Will Graham e a sua família, por forma a se vingar do homem que o colocou na prisão.

Resenha: 
Hannibal Lecter, um dos assassinos em série mais famosos da literatura dá vida a 4 obras de Thomas Harris. Dragão Vermelho é o primeiro destas e (espero eu) que a mais decepcionante também.
Tenho ressalvas em tudo no livro, no enredo, o modo como foi redigido e até no próprio texto. 
A começar pelo enredo esperava que Hannibal Lecter assumisse o papel principal da história, uma vez que a saga é de Hannibal Lecter, no entanto o serial killer apareceu pouquíssimas vezes no livro, permitindo assim que a trama Gay-dentuço e Will Graham dominasse as 351 páginas da obra.
Thomas Harris desenvolve uma narrativa muito enrrolada e tediosa, além do excesso de descrições as quais ele simplesmente poderia ter sido mais objetivo, como neste trecho o qual ele se refere ao metrô de New York: ""Corredores passavam, parando quando a corrente de pessoas atravessou a calçada em direção ao subterrâneo"". 
Outro problema da narrativa são as perturbadoras passagens que abordam a sexualidade. Eu particularmente não gosto de ler livros que descrevam o ato sexual e que neste caso comparam uma característica física da personagem com a genitália feminina ou se preferirem boceta (como é dito no livro).
Outro defeito de Dragão vermelho são os erros ortográficos cometidos pela editora (Record), e não era apenas um, mas vários deles. Um fato surpreendente já que se paga 50 reais neste livro para que no mínimo ele venha escrito corretamente.
Os vocábulos complexos e por vezes até mesmo específicos dificultam um pouco o fluxo da leitura, mas nada de muito díficil que prejudique a compreensão da história.
Por outro lado Dragão vermelho triunfa no quesito terror psicológico. O leitor realmente sente medo com as atrocidades cometidas por Gay-Dentuço, é com certeza um livro que trás o espectador para dentro do enredo.
Ao chegar próximo das últimas páginas comecei a especular o desfecho do livro, já li várias resenhas que dizem que o final da história é inesperado, no entanto minhas expectativas se confirmaram no capítulo 53. 
Apesar desta leitura desastrosa que foi Dragão vermelho eu realmente espero que o restante dos livros da série sejam mais empolgantes, e ainda tenho esperança de poder lê-los algum dia.","
Dragão Vermelho foge um pouco do padrão dos livros convencionais de suspense policial, primeiro por revelar a identidade e o paradeiro do assassino antes da metade do livro, e segundo por focar-se muito mais na construção psicológica dos personagens do que em cenas de ação (apesar de bem tenso, em alguns momentos o livro é um pouco parado, mas sempre com uma narrativa bem fluida).

Os personagens são excelentes (em minha opinião, a melhor coisa da obra), mas o melhor é, sem dúvidas, o famoso Hannibal Lecter, imortalizado no cinema por Anthony Hopkins, só que achei que ele apareceu muito pouco aqui (apesar de roubar a cena em todas as aparições), provavelmente pelo fato de Tomas Harris ainda estar desenvolvendo o personagem quando escreveu o livro. 

Harris manda muito bem também, ao alternar o ponto de vista pelo qual é narrada a história, variando visões de Will Graham (detetive e, de certa forma, protagonista), Francis Dolarhyde (vilão), Hannibal Lecter, além de outros personagens coadjuvantes, coisa que contribui, e muito, para a fluidez da narrativa.

Outra coisa que me chamou a atenção foi a maneira como o autor retrata a relação da policia com a imprensa e como esta interfere, e muito, nas investigações. Nem preciso dizer que não me surpreendi nem um pouco ao descobrir que Tomas Harris foi repórter policial durante muitos anos.

O livro só peca um pouco ao dar muitos detalhes sobre as subdivisões do FBI e com isso, incluir muitos personagens com funções parecidas, coisa que deixa a leitura um pouco travada e confusa em alguns momentos.

Após a leitura do livro, recomendo fortemente que você assista à sua adaptação cinematográfica, de 2002, que respeita completamente os personagens originais com excelentes atores: o já citado Anthony Hopkins como Hannibal Lecter, Edward Norton (Clube da Luta) como Will Graham, Ralph Fiennes (Voldemort de Harry Potter) como Francis Dolarhyde, além de Harvey Keitel (Cães de Aluguel) como Jack Crawford, chefe e amigo de Will, e que devido à ótima atuação de Keitel, se destaca bem mais no filme do que no livro.

A edição da Editora Pocket Ouro tem uma boa tradução, porém poderia ter sido melhor diagramada e impressa (a quantidade de letra apagadas é bem grande), as folhas são brancas e a capa é extremamente mole, mas ainda acho que vale a pena pelo preço.

Enfim, é um livro muito bom, que recomendo a todos que procuram um suspense sobre serial killers com personagens bem desenvolvidos, ou que queiram saber mais sobre como funcionava o FBI e as investigações criminais nos anos 80.

Boa leitura.

João Vitor, 15 de novembro de 2013.","Harris conduz brilhantemente o reencontro entre Graham e Hannibal. Porém, o novo personagem Francis rouba a cena do enredo, como foi comovente saber detalhes da sua infância. Elejo a relação de Francis com Reba McClane o ápice da trama.
Recomendo.
Estava confuso, bloqueado, pelo novo pavor de ser Duplo p.264
","Diante de Mim, é uma lesma ao sol. Está diante de um grande Começo e nada reconhece. É uma formiga na placenta. Está na sua natureza fazer uma única coisa corretamente: tremer devidamente diante de Mim. O que Me deve não é o medo, o senhor e as outras formigas. O senhor Me deve o pavor.  pág 175

Uma das minhas temáticas favoritas em livros é serial killers, então vocês podem imaginar a minha felicidade quando ganhei Dragão vermelho de Amigo Livro no fim do ano passado. O livro cozinhou um pouco na minha estante até que eu resolvi pegá-lo pra ler e não foi exatamente o que eu esperava. Aliás, uma coisa que eu estranhei muito foi a quantidade de erros que encontrei no livro, afinal não se ouve falar de livros da Record com revisão falha; e não há nome de nenhum revisor no livro, o que me levou a pensar que apesar de ter sido republicado recentemente, o livro não passou por uma inspeção mais minuciosa. Uma pena. Mas vamos ao que interessa!

Em Dragão vermelho, Thomas Harris conta a história de um serial killer que aparentemente escolhe família aleatórias para assassinar durante os períodos de lua cheia. As primerias vítimas são os Jacobi, do Alabama; depois os Leeds, na Georgia. Depois da segunda família ser assassinada, o agente do FBI, Jack Crawford, procura Will Graham e pede a sua ajuda. Will é um brilhante agente que capturou Hannibal Lecter há três anos, mas está aposentado depois de quase ter sido morto por ele. Apesar de relutar muito, Will aceita ajudar e logo após visitar as cenas do crime ele percebe que terá que visitar Lecter para pedir sua ajuda para pegar esse novo serial killer.

O momento do grande reencontro entre Lecter e Will Graham é extremamente tenso. A conversa entre os dois é perturbadora e simples ao mesmo tempo, e de longe dá para perceber como o personagem de Lecter é bem estruturado. Me peguei imaginando a pesquisa que Harris teve que fazer para montar seu personagem que se tornou um dos personagens serial killers mais famosos do mundo. A forma como, em poucos minutos ele consegue entrar na cabeça de Graham e fazê-lo se questionar, duvidar de si mesmo.

Porém, entre essa aparição e uma breve comunicação de Lecter com o novo serial killer e uma ou outra cena é tudo o que temos de Lecter no livro. Isso me decepcionou um pouco, pois a capa do livro nacional leva a frase: A origem do canibal Hannibal Lecter, e por isso eu esperava ver mais de Lecter em ação.

O serial killer, apelidado cruelmente pela imprensa e pela polícia de Gay-dentuço (uma tradução não muito adequada para o original Tooth Fairy que na verdade significa Fada do Dente), é na verdade Francis Dolarhyde. Francis é obcecado pelo quadro The Great Red Dragon and the Woman Clothed in Sun, de William Blake e acredita possuir não só a força física, mas também a força mental do dragão vermelho, dando então, o título ao livro. O personagem é muito bem delineado e a minha percepção quanto a ele, físicamente, mudou muito ao longo da minha leitura. O autor também nos mostra o motivo de Dolarhyde ser como é ao revisitarmos o seu passado. Aliás, esse foi um dos poucos, se não o único, serial killer que eu vi ter uma oportunidade de redenção e achei o desfecho muito interessante.

A narrativa divide-se entre o ponto de vista de Will Graham e Francis Dolarhyde, sempre em terceira pessoa, e isso funcionou muito bem nesse livro, enriquecendo e dando várias informações ao leitor, que ele não teria se não fosse por essa dinâmica. Apesar de ter achado o enredo um pouco confuso, não sei se por conta da tradução ou por conta da escrita original do autor, a história é envolvente. Prever os é acontecimentos do enredo praticamente impossível e dá pra realmente sentir desespero ao virar das páginas em alguns momentos mais fortes. Aliás, despertar os mais variados sentimentos ao longo da leitura me pareceu ser um dom de Thomas, é possível sentir medo, nojo, pena, compaixão, terror, alívio, desprezo, tudo ao mesmo tempo.

Com um desfecho inesperado, Dragão vermelho não foi exatamente o que eu esperava e nem entrou pra minha lista de livros favoritos, mas com certeza é uma leitura que vale a pena pra quem gosta do gênero. Lembrando que o livro foi adaptado duas vezes para o cinema: a primeira em 1986, Caçador de Assassinos, com Brian Cox interpretando Lecter. Devido ao estouro de Silêncio dos inocentes e Hannibal: a origem do mal e suas adaptações para o cinema, houve um remake em 2002, Dragão Vermelho, desta vez com Anthony Hopkins  que já está eternizado no papel de Lecter.","Li o livro em apenas 3 dias, e isso é algo incomum pra mim, considerando que o livro tem quase 400 páginas, mas é simplesmente impossível não devorar cada capítulo e cada página em busca do que vai acontecer a seguir. Foi também o meu primeiro livro do Thomas Harris, adorei o modo como ele escreve, é super inteligente (pra ter dado vida a personagens tão complexos e simbólicos como esses ele só pode ter uma imaginação inesgotável...como ele mesmo diz, o processo de escrita do livro é muito difícil, porque os personagens estão lá, ele é apenas um instrumento do qual eles se utilizam pra poder chegar à superfície), e ao mesmo tempo também flui muito bem. Muito ansiosa e na expectativa pelos outros livros da série.
Apesar de o Hannibal não aparecer muito, achei o livro de uma perfeição literária que há muito tempo eu não tinha o prazer de encontrar. A construção psicológica que aos poucos se apresenta do Francis Dolarhyde é simplesmente genial, temos a sensação de que não é apenas um personagem de um livro, mas sim alguém real..isso porque ele explica perfeitamente várias cenas e sentimentos da infância dele que fazem muito sentido em explicar o que se passa agora, não deixando nenhuma lacuna.","
É assombroso. E, definitivamente, o Dr. Hannibal Lecter é um dos melhores personagens já criados. A sociedade ocidental atual é cheia de pessoas mascaradas e com índices alarmantes de maldade; mas, sem dúvida, Lecter me fez chegar a questionar o que é o bem e o mal. Muitas vezes, ao longo da leitura minha mente entrou em colapso ao tentar entender o que realmente é justo e por tais fatos, devo afirmar que eu me apaixonaria por Hannibal. Além de sua semelhança com o Conde Drácula.
Além disso, o assassino do livro que se auto-intitulou como Dragão Vermelho faz uma alusão aos demônios que permeiam a essência do ser social.
Portanto, a leitura desse exemplar exige que o leitor esteja atento aos detalhes primorosos e que não procrastine doses excessivas de perversão e loucura.


","Esta literatura, da década de 1980, narra uma história complexa e angustiante para uns e emocionante para outros. Descrevendo um pequeno período da vida do detetive Will Graham, Dragão Vermelho é uma história envolvente e misteriosa, ideal para aqueles que buscam um pouco de suspense com um toque de seriais killers numa leitura. 

Um policial aposentado que volta a ativa com o pedido de um velho amigo e companheiro de trabalho, para resolver dois casos de assassinato interligados. Após as tentativas de superar os medos e de esquecer as lembranças do ultimo caso, Graham aceita o convite (que, aliás, foi quase uma intimação) e retorna à sua antiga rotina de investigação. Esta, que deu continuidade à nossa história, é cheia de imprevistos e criteriosas observações dos pequenos detalhes. Detalhes que passaram despercebidos por outros investigadores... detalhes que levam ao desfecho da história. 

Com algumas reviravoltas no decorrer da história, dificilmente consegue-se adivinhar o que virá pela frente. De uma forma paralela, cada capítulo é escrito em primeira pessoa, com focos diferenciados: de Will para o Dragão; do presente para o passado, com uma continua ligação de pequenos detalhes que, reunidos, levaram aos acontecimentos do presente. 

Definitivamente Dragão Vermelho foi escrito de uma maneira interessante, uma maneira que nos faz prestar a atenção aos mínimos detalhes, nos instigando a tentar imaginar o próximo passo, o próximo acontecimento, a próxima morte...

Will Graham, um dos nossos personagens principais, não é e nem será um policial comum. Se fosse, como repassaria (frisa-se: repassaria perfeitamente) os passos de serial killers? Meio suspeito, não? E nosso Dragão? Como é possível que em tão poucas páginas ele nos mostrar que nossas escolhas modificam nossas vidas, e não só as nossas,  mas as de pessoas estranhas à nós...! Essas escolhas podem atingir e modificar o interior até mesmo de desconhecidos!

Até que ponto sacrificaríamos nossa felicidade em nome da liberdade? Uma existe sem a outra? São questões simples e ao mesmo tempo tão complexas que não conseguimos chegar a uma resposta definitiva, são essas questões levantadas pelo autor me levaram a refletir durante e ao final dessa leitura.

Tá bom... Já elogiei demais. Vamos às criticas (que não são realmente criticas), mas antes tenho que admitir que fiquei impressionada com o livro, e faz um tempinho que não me interesso dessa forma por um, por isso sou suspeita, não só com as poucas críticas, mas também com os elogios. 

A edição que me proporcionou tal fascínio é antiga, tanto que havia algumas paginas coladas devido à pouca movimentação da obra. As letras são de bom tamanho e não tinha uma imagem sequer, deixando à cargo da imaginação do leitor a criação do personagem de acordo com as descrições (que não são poucas).

 Não é uma história linear, o que exige do leitor uma atenção especial, com isso observa-se características em tempos distintos de cada personagens, são personalidades que mudaram com o tempo (mais um pouco de atenção aqui, porque se ler o passado, achando que é presente... não vai dar certo). 

O final...  Esse foi o que definitivamente mais me surpreendeu, nunca imaginei tal desfecho, fiquei sem reação! Mas o que eu esperava de um livro que tem reviravoltas, um final certinho...? Absolutamente não.
Agora me resta ler o próximo livro com esse pseudo-policial, um desdobramento, que volta no tempo, para a primeira descoberta de Graham, um killer mais interessante que o Dragão Vermelho: Hannibal Lacter.


","Dragão Vermelho é um livro que me prendeu, do começo ao fim. Thomas Harris é um autor excelente na minha opinião, pois nos trechos de perseguição, eu realmente senti o medo de Will Graham, senti a decepção do personagem por colocar sua família em perigo, e senti o ódio fulminante pelo assassino. 
Em contraponto, quando é apresentada a infância do Dragão Vermelho, pude compreender um pouco mais suas atitudes, e reforçar a idéia de que o que faz um serial killer é sua infância, muitas vezes conturbada e repleta de traumas. 
A história se desenvolve de uma forma progressiva, em que percebemos o processo de Transformação no Dragão Vermelho. Os assassinatos de forma alguma acontecem repentinamente, o leitor pode perceber os fatores por trás dos assassinatos e da paranóia constante que toma o ""Fada dos Dentes"", apelido inteiramente repudiado por mim e pelo próprio assassino, mas que uso aqui para caracterizá-lo sem dizer seu nome.

Em relação ao filme, acredito que a adaptação foi muitíssimo bem feita. Todos os atores foram excelentes, e em minha opinião demonstraram exatamente os sentimentos que o autor pretendia transmitir. Acredito que o filme foi tão bem feito que algumas pessoas dizem que superou o livro. Eu não acredito que seja assim, apenas acho que o diretor do filme colocou os fatos de uma forma mais coesa, e procurou dar um fim mais comercial à história. 
Sim, pois o fim do livro é um tanto quanto aberto, diferente do filme, em que há um fim definido, sem rodeios.

Se você está procurando um livro envolvente, que prende o leitor do começo ao fim, e transmite as emoções de forma intensa, esse é o seu livro. Agora, se procura algo no estilo Agatha Christie, em que o mistério só é desvendado nas últimas páginas, saiba que esse não é o estilo de Thomas Harris. O livro é uma imersão na vida do Dragão Vermelho, e antes mesmo do meio do livro, já conhecemos o assassino e seu modo de pensar, o que faz com que o leitor crie ""afinidade"" com o mesmo, e o que tornou esse um de meus livros preferidos. "," Livro que antecede o best seller ""O Silencio dos Inocentes"", ele conta o como um dos maiores vilões de todos os tempos, Hannibal Lecter foi preso e seu relacionamento com Will Grahan, o agente do FBI que o prendeu. 
      Depois de alguns anos do ataque de Lecter, Will ele não faz mais parte do FBI. Traumatizado, ele busca refugio em uma praia, onde ele não seja assombrado pelos fantasmas de seus casos antigos. Mas á um assassino á solta, o Dentuço, que mata familias inteiras e se alto initula o Dragão Vermelho. Ele não vai parar sozinho.
      O FBI pede ajuda á Will, que tem um perturbador dom de se colocar mentalmente no lugar de assassinos psicopatas para entende-los, mas ele precisa de ajuda, de alguem mais louco do que ele, do que o Dragão, ele precisa da ajuda de Lecter, e assim como Clarice Starling, do silêncio, ele vai até a prisão psiquiatrica em que Lecter está preso para que ele o ajude á descobrir quem é o Dragão antes que outra familia seja dizimada.
      Como ele vai manter a sanidade tendo que encarar esses dois assassinos mesmo quando isso significa que sua propria familia estará correndo perigo?

Impressões

     Um thriller pscicológico intenso, que nos leva ao mais profundo da mente de um Serial killer muito inteligente e metódico. Seus traumas de infância que o moldaram convergem para a reveleção do que ele tem que fazer, uma força maior manda, o dragão.
     ""Dragão Vermelho"" foi escrito antes de ""O silêncio dos Inocentes"", e teve sua adaptação para o cimema no começo dos anos oitenta, porem quando o silêncio recebeu sua versão para o cinema, acabou tendo mais notoriedade do que o primeiro. A interpretação de Anthony Hopkins como Haniball Lecter ajudou muito para isso. Situação corrigida na decada de 2000, quando ""Dragão Vermelho"" foi refilmado, dessa vez com Hopkins revivendo o personagen que lhe coube tão bem.

Porque você deve ler?

     Vocês vão mesmo perder a oportunidade de tem Hannibal Lecter, um dos melhores vilões de todos os tempos, descrito em um livro em toda sua complexidade? A abordagem psicologica desses personagens sombrios é algo raro na literatura e deve receber sua atenção. Com certeza.
","Comprei o livro antes de ver o filme correspondente, mas já tinha assistido a Silêncio dos Inocentes, Hannibal e Hannibal Rising. Portanto, já sabia da genialidade contida na construção do personagem de Lecter (que, falando nisso, é completamente correspondida pela atuação de Anthony Hopkins). Não só sabia, como ansiava pelas aparições do Doutor. Mas me frustrei. O livro passa 380 páginas e Lecter aparece parcamente, duas vezes. Uma das quais é apenas por meio de uma carta. Cadê os calafrios? O medo, aquela sensação de ter a mente lida, o passado revelado em duas olhadelas que o médico dá? Onde estava Hannibal Lecter em Dragão Vermelho?

No final das contas, deve ter sido um erro meu criar toda essa expectativa, já que minha investigação agora me diz que esse não é o segundo, como eu havia pensado, mas o capítulo inicial da série. De toda forma, não foi realmente o que eu esperava. Graham não conseguiu me cativar, não como Clarice Starling, nem como o próprio Hannibal.  "," é a história de um agente do FBI, especializado em serial killers. Ele entra em colapso após a caçada a um psicopata extremamente perigoso. Mas seus serviços são novamente requisitados quando um serial killer começa a matar famílias inteiras, quebrando espelhos da casa e colocando os cacos diretamente nos olhos das vitímas. E para resolver esse caso, ele conta, a contra gosto, com a ajuda de um de seus maiores inimigos, o psiquiatra sociopata, o doutor Hannibal Lecter.Muito bom!","Não é um livro ruim, mas com certeza essa é uma das poucas vezes em q vc ira me ouvir falar: ""-Veja o filme... ele é melhor!"" ¬¬","Um dos melhores livros policiais que já li. A história é criativa e totalmente inusitada. Não sei como o autor consegue pensar em tantas aberrações assim... Colocar vidros nos olhos? Namorar uma cega? Comer quadros?
O Thomas Harris tem um estilo um pouco diferenciado do convencional. Então é necessário prestar bastante atenção nos detalhes. Foi mais fácil pra mim, pois eu ja li outros 03 livros dele, e assisti o filme.

Filme VS Livro estão pau a pau. O Filme é maravilhoso e o livro também.
Totalmente recomendado!","Já assisti o filme e gostei de ler o livro. Acho o tema legal. Mas, em vários momentos a leitura era tortuosa, por causa do modo que o autor escrevia. Confesso que o final foi bem frustante. Mas, ainda assim, recomendo o livro para aqueles que gostam de ler sobre 'serial killer' ou coisas do gênero.... ","Por incrível que pareça, o filme é mais interessante...","Apesar de achar o Thomas Harris machista recomendo o livro, é bastante misterioso e muito envolvente adorei....","Provavelmente o melhor livro da série! Will Graham (que merece um mérito especial por ter prendido Hannibal Lecter) está atrás do infame 'Fada dos Dentes' (vai entender o que o tradutor Brasileiro pensou quando traduziu 'Tooth Fairy' para 'Gay Dentuço')"
